id;wallet_address;created_at;updated_at
1;up;2022-11-24T21:55:29;2022-11-24T16:29:52
2;Account e-enable magenta;2022-11-24T10:48:20;2022-11-24T07:27:01
3;Plastic;2022-11-24T10:08:58;2022-11-25T05:03:12
4;services Illinois HDD;2022-11-24T06:19:48;2022-11-24T09:28:21
5;heuristic;2022-11-25T02:21:45;2022-11-25T03:20:22
6;parse Kids;2022-11-24T20:39:36;2022-11-24T18:36:03
7;frictionless bypass;2022-11-25T03:06:56;2022-11-24T08:20:48
8;multi-byte;2022-11-24T22:49:36;2022-11-24T20:10:40
9;vortals Licensed;2022-11-25T00:14:04;2022-11-24T20:30:10
10;magenta;2022-11-24T10:21:37;2022-11-24T06:11:07
